番号,142,
名前,히메무시 모모요,
呼び名,모모요,
基礎,체력,2200
基礎,기력,1500
基礎,발기,1500
基礎,정력,10000
基礎,법력,1000
基礎,무드,1500
基礎,이성,1000
基礎,분노,1000
基礎,일량,0
基礎,심도,2000
基礎,술기운,2000
素質,처녀,1
素質,성별,1
素質,담력,1;다부짐
素質,태도,1;반항적
素質,응답,1;거만함
素質,수치심,-1;수치심없음
素質,통각,-1;고통에강함
素質,악취내성,2;불결무시
素質,도착적,1
素質,성별기호,-1
素質,V감도,-1;Ｖ둔감
素質,A감도,-1;Ａ둔감
素質,술내성,1;술에 강함
素質,요괴,8;요충

能力,청소기능,0
能力,화술기능,0
能力,전투능력,0
能力,교양,5
能力,요리기능,1
能力,음악기능,0
素質,벌채Lv,5
素質,낚시Lv,2
素質,채집Lv,1
素質,조제Lv,0

フラグ,기본복장세트,242;복장
フラグ,지위,1000;지위
フラグ,초기위치,856
フラグ,기상시간,660;11시
フラグ,내방시간,900;15시
フラグ,귀가시간,120;2시
フラグ,취침시간,300;5시
;フラグ,자주가는지역,
;フラグ,자택위치,860;홍룡동
;フラグ,이동율보정,
フラグ,이동절도,-1
相性,140,180;메구무
;CSTR,일정보,
;CSTR,직장,
CSTR,10,～검은 드래곤 이터～　●종족：오오무카데　●능력：용을 먹는 정도의 능력

;フラグ,출산휴가타입,