番号,38,;6-4
名前,코메이지 코이시,
呼び名,코이시,
基礎,체력,2000
基礎,기력,1700
基礎,발기,1500
基礎,정력,10000
基礎,법력,2900
基礎,무드,1500
基礎,이성,1000
基礎,분노,1000
基礎,일량,10000
基礎,심도,1000
基礎,술기운,1400
素質,처녀,1
素質,성별,1
素質,태도,-1;솔직함
素質,감정결여,1
素質,성적흥미,1;호기심
素質,일선을넘지않음,1
素質,무지,1
素質,자기애,1;해방
素質,수치심,-1;수치심 없음
素質,쾌감응답,1;쾌감에 솔직
素質,새드,1
素質,C감도,-1;C둔감
素質,V감도,1;V민감
素質,가슴사이즈,-1;작은 가슴
素質,유치
素質,요괴,1
能力,친밀,2
能力,욕망,1

能力,청소기능,0
能力,화술기능,0
能力,전투능력,4
能力,교양,0
能力,요리기능,0
能力,음악기능,2
素質,벌채Lv,0
素質,낚시Lv,0
素質,채집Lv,0
素質,조제Lv,0

経験,절정경험,1
経験,자위경험,5
フラグ,기본복장세트,138;복장
フラグ,지위,600;지위
フラグ,초기위치,918;개시 위치
フラグ,421,2;절내방율 보정
フラグ,내방시간,1020;17시
フラグ,귀가시간,120;2시
フラグ,취침시간,180;3시
フラグ,기상시간,600;10시
フラグ,자주가는지역,-1
フラグ,자택위치,960;지령전
フラグ,이동율보정,10
フラグ,이동절도,-2
フラグ,탄막특능,584
相性,1,150;레이무
相性,11,150;마리사
相性,36,120;오린
相性,37,120;오쿠
相性,49,200;사토리
CSTR,10,～닫힌 사랑의 눈동자～　●종족：사토리　●능력：무의식을 조종하는 정도의 능력