番号,1,
名前,하쿠레이 레이무,
呼び名,레이무,
基礎,체력,2000
基礎,기력,1500
基礎,발기,1500
基礎,정력,10000
基礎,법력,4000
基礎,무드,1500
基礎,이성,1000
基礎,분노,1000
基礎,일량,0
基礎,심도,1000
基礎,술기운,1900
素質,처녀,1
素質,성별,1
素質,명랑／음침,1;명랑
素質,일선을넘지않음,1
素質,정조,-1;정조무관심
素質,통각,-1;고통에 강하다
素質,바늘질,1
素質,수수께끼의매력,1
素質,술내성,1;술에 강하다
素質,인간,1
素質,추가종족,1;무녀

能力,청소기능,2
能力,화술기능,1
能力,전투능력,5
能力,교양,2
能力,요리기능,1
能力,음악기능,0
素質,벌채Lv,0
素質,낚시Lv,0
素質,채집Lv,1
素質,조제Lv,0

フラグ,기본복장세트,101;복장
フラグ,지위,5000;지위
;신앙 대상이고 별로 지위 쓸데없게 높아도 좋은 것 같아
フラグ,초기위치,15;개시 위치
フラグ,신사거주,15
フラグ,내방시간,540;9시
フラグ,귀가시간,1140;19시
フラグ,취침시간,1380;23시
フラグ,기상시간,360;6시
フラグ,자택위치,40
フラグ,고유커맨드,1
;フラグ,집주인후보,9
フラグ,자주가는지역,0
フラグ,탄막특능,387
フラグ,출산휴가타입,2；60日目から休む
フラグ,어조,0
相性,10,120;스이카
相性,11,200;마리사
相性,29,80;아야
相性,43,80;카센
相性,70,120;코스즈
相性,80,120;아큐
CSTR,일정보,신사의 청소　매일 아침　6시～8시
CSTR,직장,경내 주변
CSTR,9,신사의 거실
CSTR,10,～낙원의 무녀～　●종족：인간　●능력：주로 하늘을 나는 정도의 능력
