番号,124,
名前,마타라 오키나
呼び名,오키나,
基礎,체력,1700
基礎,기력,2000
基礎,발기,1500
基礎,정력,10000
基礎,법력,1000
基礎,무드,1500
基礎,이성,1000
基礎,분노,1000
基礎,일량,0
基礎,심도,2000
基礎,술기운,2100
素質,처녀,1
素質,성별,1
素質,담력,1;다부짐
素質,자존심,1;자존심 높음
素質,일선을넘지않음,1
素質,정조,1;정조 관념
素質,츤데레,1;츤데레
素質,눈에띄고싶어함,1
素質,젖기쉬움,-1;젖기 어렵다
素質,소악마,1
素質,V감도,1;V민감
素質,금단의지식,1
素質,신령,1
素質,음감,1;음감
能力,욕망,1
能力,기교,2

能力,청소기능,1
能力,화술기능,3
能力,전투능력,5
能力,교양,4
能力,요리기능,1
能力,음악기능,4
素質,벌채Lv,0
素質,낚시Lv,0
素質,채집Lv,2
素質,조제Lv,2

能力,새드끼,2
経験,연주경험,500
経験,가창경험,500
経験,무도경험,500
経験,가학쾌락경험,20
フラグ,기본복장세트,224;복장
フラグ,지위,1000;지위
フラグ,초기위치,99;개시 위치
フラグ,내방시간,660;11시
フラグ,귀가시간,1320;22시
フラグ,취침시간,120;2시
フラグ,기상시간,480;8시
フラグ,자주가는지역,-1
;フラグ,자택위치,
;フラグ,이동율보정,
フラグ,이동절도,1
フラグ,탄막특능,409
フラグ,별도얼굴있음,1
フラグ,어조,3
相性,26,110;유카리
相性,43,110;카센
相性,57,120;코코로
相性,120,120;아운
相性,122,150;마이
相性,123,150;사토노


CSTR,일정보,여자 모임　두 번째 일요일　18～21시
CSTR,직장,인간마을 술집
CSTR,10,～궁극의 절대비신～　●종족：비신　●능력：온갖 것들의 뒤에 문을 만드는 정도의 능력

フラグ,출산휴가타입,2；60日目から休む