番号,43,;8-1
名前,이바라키 카센,
呼び名,카센,
基礎,체력,2300
基礎,기력,1300
基礎,발기,1500
基礎,법력,3100
基礎,무드,1500
基礎,이성,1000
基礎,분노,1000
基礎,일량,0
基礎,심도,2000
基礎,술기운,2500
素質,처녀,1
素質,성별,1
素質,담력,1;다부짐
素質,자존심,1;자존심 높음
素質,자제심,1
素質,성적흥미,-1;보수적
素質,일선을넘지않음,1
素質,정조,1;정조 관념
素質,수치심,1;수줍음
素質,금단의지식,1
素質,악취내성,-1;악취 민감
素質,헌신적,1
素質,쾌감응답,-1;쾌감에 부정
素質,새드,1
素質,B감도,1;B민감
素質,가슴사이즈,1;거유
素質,술내성,2;애주가
素質,요괴,2;오니
素質,대식가,1
素質,청소부,1
能力,기교,1
能力,봉사정신,1

能力,청소기능,3
能力,화술기능,3
能力,전투능력,3
能力,교양,4
能力,요리기능,2
能力,음악기능,0
素質,벌채Lv,5
素質,낚시Lv,2
素質,채집Lv,3
素質,조제Lv,2

経験,절정경험,10
経験,자위경험,10
経験,이상경험,2
フラグ,기본복장세트,143;복장
フラグ,지위,700;지위
フラグ,초기위치,727;개시 위치;EX
フラグ,422,1;마을 내방율 보정
フラグ,420,1;신사 내방율 보정
フラグ,내방시간,660;11시
フラグ,귀가시간,1320;22시
フラグ,취침시간,60;1시
フラグ,기상시간,420;7시
フラグ,자주가는지역,0
フラグ,자택위치,750;선인의저택
フラグ,집주인후보,728
フラグ,더부살이필요신뢰도,200
フラグ,이동절도,1
フラグ,탄막특능,49
相性,1,150;레이무
相性,11,120;마리사
相性,31,120;사나에
相性,69,120;마미조
相性,76,80;코마치
相性,106,120;스미레코
相性,124,110;오키나

CSTR,일정보,식도락 탐방　토요일　11시～16시
CSTR,직장,마을의 광장
CSTR,9,선인의저택·빈방
CSTR,10,～편완유각의 선인～　●종족：선인?　●능력：
フラグ,출산휴가타입,2；60日目から休む