番号,102,
名前,신키,
呼び名,신키,
基礎,체력,2200
基礎,기력,1700
基礎,발기,1500
基礎,무드,1500
基礎,이성,1000
基礎,분노,1000
基礎,심도,3000
基礎,술기운,2300
素質,성별,1
素質,태도,-1;솔직함
素質,자존심,1;자존심 높음
素質,자제심,1
素質,일선을넘지않음,1
素質,젖기쉬움,1;젖기 쉽다
素質,쾌감응답,-1;쾌감에 부정
素質,매력,1
素質,V감도,1;V민감
素質,가슴사이즈,1;거유
素質,술내성,1;술에 강하다
素質,고무,1
素質,금단의지식,1
素質,신령,1
能力,V감각,1
能力,기교,1

能力,청소기능,1
能力,화술기능,1
能力,전투능력,4
能力,교양,4
能力,요리기능,1
能力,음악기능,0
素質,벌채Lv,0
素質,낚시Lv,0
素質,채집Lv,0
素質,조제Lv,4

経験,V경험,20
経験,절정경험,5
経験,정액경험,10
フラグ,기본복장세트,202;복장
フラグ,지위,1000;지위
フラグ,초기위치,522;인형 저택·신키의 방
フラグ,내방시간,600;10시
フラグ,귀가시간,1260;21시
フラグ,취침시간,1380;23시
フラグ,기상시간,360;6시
フラグ,집주인후보,531
フラグ,더부살이필요신뢰도,100
フラグ,자주가는지역,5
フラグ,자택위치,550;인형양관
フラグ,탄막특능,306
相性,17,200;앨리스

CSTR,일정보,여자 모임　두 번째 일요일　18～21時
CSTR,직장,인간마을 술집
CSTR,9,인형 저택·빈 방
CSTR,10,～마계의 신～    ●종족：신　

フラグ,출산휴가타입,2；60日目から休む