番号,117,
名前,겐게츠,
呼び名,겐게츠,
基礎,체력,2200
基礎,기력,1400
基礎,발기,1500
基礎,무드,1500
基礎,이성,1000
基礎,분노,1000
基礎,심도,3000
基礎,술기운,1100
素質,처녀,1
素質,성별,1
素質,자존심,1;자존심 높음
素質,성적흥미,1;호기심
素質,눈에띄고싶어함,1
素質,정조,-1;정조무관심
素質,자기애,1;해방
素質,수치심,-1;수치심 없음
素質,통각,-1;고통에 강하다
素質,젖기쉬움,1;젖기 쉽다
素質,혀놀림,1
素質,자위하기쉬움,1
素質,쾌감응답,1;쾌감에 솔직
素質,도착적,1
素質,성별기호,-1;양도
素質,새드,1
素質,소악마,1
素質,C감도,1;C민감
素質,V감도,1;V민감
素質,가슴사이즈,-1;작은 가슴
素質,요괴,9;악마
能力,욕망,1
能力,기교,2
能力,레즈끼,3

能力,청소기능,1
能力,화술기능,1
能力,전투능력,4
能力,교양,4
能力,요리기능,2
能力,음악기능,0
素質,벌채Lv,0
素質,낚시Lv,0
素質,채집Lv,0
素質,조제Lv,3

経験,C경험,20
経験,자위경험,50
経験,레즈경험,50
フラグ,기본복장세트,217;복장
フラグ,지위,300;지위
フラグ,초기위치,459;개시 위치
フラグ,내방시간,600;10시
フラグ,귀가시간,1320;22시
フラグ,취침시간,1380;23시
フラグ,기상시간,420;7시
フラグ,자주가는지역,4
フラグ,자택위치,490
フラグ,탄막특능,328
フラグ,어조,0
フラグ,별도얼굴있음,1
相性,116,250;무게츠
CSTR,10,～몽환세계의 주인～　●종족：악마
CSTR,11,　
CSTR,12,여동생 무게츠와 함께 몽환세계의 주인인 존재　둘이서 1인분
CSTR,13,자매 모두 최강 클래스의 실력이 있다
CSTR,14,　
CSTR,15,연인을 가진 경험이 있는 여동생에게 강한 조바심을 느끼고 있다
CSTR,16,높은 긍지를 가진 한편으로 속내는 풋풋한 아가씨로、이성을 대하는 법을 모르는 면도
CSTR,17,무게츠에게 ”지지 않기 위해”서도 적극적인 구석이 있을지도 모르다
