番号,7,
名前,스타 사파이어,
呼び名,스타,
基礎,체력,1800
基礎,기력,1100
基礎,발기,1500
基礎,정력,10000
基礎,법력,500
基礎,무드,1500
基礎,이성,1000
基礎,분노,1000
基礎,일량,0
基礎,심도,1000
基礎,술기운,1200
素質,처녀,1
素質,성별,1
素質,성적흥미,1;호기심
素質,무지,1
素質,통각,1;고통에 약하다
素質,소악마,1
素質,체형,-2;유아 체형
素質,A감도,1;A민감
素質,가슴사이즈,-1;작은 가슴
素質,회복속도,1;회복 빠름
素質,유치,1
素質,요정,1
素質,채집Lv,1
経験,자위경험,25
能力,친밀,2
能力,청소기능,1
能力,전투능력,1
フラグ,기본복장세트,107;복장
フラグ,지위,200;지위
フラグ,초기위치,34;개시 위치
フラグ,자택위치,50
フラグ,신사거주,34
フラグ,내방시간,600;10시
フラグ,귀가시간,960;16시
フラグ,취침시간,60;1시
フラグ,기상시간,360;6시
フラグ,423,3;호수 내방율 보정
フラグ,자주가는지역,5
フラグ,이동절도,-1
フラグ,탄막특능,32
相性,1,150;레이무
相性,5,150;서니
相性,6,150;루나
相性,14,120;치르노
CSTR,일정보,놀기　토·일　10시～13시
CSTR,직장,서니 방
CSTR,10,～쏟아지는 별빛～　●종족：요정　●능력：움직이는 사물의 기척을 찾는 정도의 능력