番号,135,
名前,고토쿠지 미케,
呼び名,미케,
基礎,체력,2000
基礎,기력,1800
基礎,발기,1500
基礎,정력,10000
基礎,법력,1000
基礎,무드,1500
基礎,이성,1000
基礎,분노,1000
基礎,일량,0
基礎,심도,2000
基礎,술기운,1500
素質,처녀,1
素質,성별,1
素質,성적흥미,1;호기심
素質,명랑／음침,1;명랑
素質,정조,-1;정조무관심
素質,수치심,-1;수치심없음
素質,습득속도,-1;습득느림
素質,고양이혀,1
素質,악취내성,1;악취둔감
素質,수수께끼의매력,1
素質,V감도,1;Ｖ민감
素質,가슴사이즈,-1;빈유
素質,동물귀,4;고양이 귀
素質,요괴,6;요수

能力,청소기능,1
能力,화술기능,1
能力,전투능력,1
能力,교양,1
能力,요리기능,0
能力,음악기능,0
素質,벌채Lv,0
素質,낚시Lv,2
素質,채집Lv,3
素質,조제Lv,0

フラグ,기본복장세트,235;복장
フラグ,지위,1000;지위
フラグ,초기위치,737
フラグ,기상시간,420;7시
フラグ,내방시간,540;9시
フラグ,귀가시간,1080;18시
フラグ,취침시간,1320;22시
フラグ,자주가는지역,7;산록
;フラグ,자택위치,710;산록의수해
;フラグ,이동율보정,
フラグ,이동절도,0
;相性,
;CSTR,일정보,
;CSTR,직장,
CSTR,10,～장사번성의 상징물～　●종족：마네키네코　●능력：돈이나 손님을 부르는 정도의 능력

;フラグ,출산휴가타입,