番号,69,
名前,후타츠이와 마미조,
呼び名,마미조,
基礎,체력,1900
基礎,기력,2100
基礎,발기,1500
基礎,무드,1500
基礎,이성,1000
基礎,분노,1000
基礎,심도,3000
基礎,술기운,2100
素質,성별,1;여자
;素質,처녀,1;처녀
素質,자존심,1;자존심 높음
素質,성적흥미,-1;보수적
素質,명랑／음침,1;명랑
素質,성별기호,-1;양도
素質,수수께끼의매력,1
素質,월광욕,1
素質,동물귀,1;동물귀
素質,구현,1
素質,요괴,6;요수
素質,유부녀,2;미망인
能力,V감각,1
能力,B감각,1
能力,기교,2
能力,새드끼,2

能力,청소기능,0
能力,화술기능,3
能力,전투능력,4
能力,교양,3
能力,요리기능,1
能力,음악기능,1
素質,벌채Lv,1
素質,낚시Lv,3
素質,채집Lv,3
素質,조제Lv,2

経験,V경험,20;V경험
経験,B경험,20;B경험
経験,절정경험,10;절정경험
経験,정액경험,20;정액경험
経験,V성교경험,5;V성교경험
経験,회화경험,255;회화경험
経験,전투경험,10;전투경험
経験,학습경험,30;학습경험
経験,출산경험,1;출산경험
フラグ,기본복장세트,169;복장
フラグ,지위,600;지위
フラグ,초기위치,105;경장
フラグ,내방시간,900;15시
フラグ,귀가시간,60;1시
フラグ,취침시간,300;5시
フラグ,기상시간,720;12시
フラグ,자주가는지역,2
フラグ,자택위치,130
フラグ,422,2;마을 내방율 보정
フラグ,탄막특능,56
相性,11,80;마리사
相性,25,50;란
相性,40,120;코가사
相性,41,150;누에
相性,43,120;카센
相性,55,150;뱌쿠렌
相性,70,150;코스즈
相性,87,150;쇼
相性,94,120;벤벤
相性,95,120;야츠하시
相性,96,120;라이코

CSTR,10,～둔갑너구리 십변화～　●종족：둔갑너구리　●능력：둔갑하는 정도의 능력
CSTR,11,
CSTR,12,유서 깊은 둔갑너구리.
CSTR,13,환상향 밖에서 살던 희귀한 요괴이다.
CSTR,14,위기에 처한 옛 친구를 구하고자 일부러 환상향에 왔다.
CSTR,15,
CSTR,16,하지만 그 위기가 옛 친구의 착각이며 정식으로 이쪽에 왔기에 돌아갈 수도 없어졌다
CSTR,17,밖과 비교해서 살기도 편하기에 인간 행세를 하면서 생활하게 된다
CSTR,18,덧붙여 미망인에다 바깥 세상에는 후예도 있는 모양

