1,기정사실
;(BIT 0=키스 1=우후후 2=연인 3=A 4=SM 5=아내)
2,호감도
3,이상경험
4,신뢰도
6,태도
7,기본복장세트
8,복장옵션
10,약점잡음
11,약점잡힘
12,데이트중
13,데이트후이벤트플래그
14,생해금
15,로터삽입
16,로터A삽입
17,퇴짜
18,안면
19,합의판정
20,연회참가
;(0=불참가 1=참가 2=주최자 3=탈락이 끝난 상태)

21,소지금
22,도둑질발각됨

24,오늘훔친횟수
25,시작소지금

30,신사거주
;CFLAG:신사거주는 「MAIN_MAP의 거주자인 경우에 자기 방의 장소 ID(거점 맵판)를 기록」하고 있다(MAIN_MAP에 살지 않은 경우는 0)
31,인계
;(BIT 0=연모 1=연인 2=자위중독 3=음호 4=항문광 5=음유 6=키스마 7=아내 8=인계여부)
32,집주인후보
33,더부살이필요신뢰도
34,집세
35,고유커맨드
36,구상실장상황
37,고유요리
;고유 요리 경험치, 100이상으로 러닝 완료, 한번 외우면 100+DAY로 변화

;40,바람기들킴

41,딸딸이들킴
;(1=목격당함 2=봤다고 빡침 이성을 잃은 3=따먹혔다)
42,요바이
;(BIT 0=소프트1=성희롱2=진퉁성희롱3=합의비삽입4=합의섹스5=강간6=설득7=도망8=침입 성공)
43,대주고말았다
;합의없이 행위에 이르렀을 경우 붙는다
44,육아중해금,;KR판 구잔재
;육아 그 중에서 야

;45~99는 여유공간
;즉, 텍붕이 확보영역
46,감금됨
;1 = 동의적, 2 = 강제적
47,원초기위치
48,원저택거주

49,능력치세팅여부
;뉴탄막 능력치
50,힘,;물리타격의 공격력에 영향
51,지성,;마법타격의 공격력
52,속도,;선공권및 회피력, 공격력에도 일부 반영
53,인내,;체력
54,운,;회피력=방어력과 치명타


60,물리내성
61,화염내성
62,빙결내성
63,전격내성
64,질풍내성
65,마력내성
66,수격내성
67,정신내성
68,관통내성

70,경험치

80,구출작전
;100~139까지 팬티 관리에 사용중(4.600 proto 현재)

;CFLAG:200~239는 노멀 복장 패턴 기억용
;CFLAG:240~264은 파자마 패턴 기억용

;265~283 텍붕이 확보 영역
265,주도도
266,종속도

267,감금된날
268,타락징조

270,오늘몸팜
271,창관일
;0=오프, 1=개인실, 2=스트립쇼, 3=공란, 4=대연회장, 5=촉수궁경마


274,분유해제
275,손님아이수
276,손님아이임신경과
;헐렁헐렁
280,보지붕괴
281,항문붕괴

;
284,발기도
285,발기도2
286,질내사정
287,애널사정
288,구내정액
289,안면정액
290,손에정액
291,노팬티
292,무자각파과용
293,팬티2
294,당신의팬티
295,보통이아닌해방감소스추가

300,현재위치
301,전턴위치
310,지위
311,초기위치
;CFLAG:초기위치는 하루를 개시한 시점에서의 각 캐릭터의 개시 위치, 거점 맵상의 위치를 기록되어 있다
;MAIN_MAP의 거주자가 아닌 경우에는 SUKIMA() 보내가 되어 있다(=99)
;이것을 사용하는 것만으로는 자기 방의 위치는 모른다(MAIN_MAP에 살지 않은 캐릭터의 정보를 모른다)
;MAIN_MAP의 거주자라면 CFLAG:신사거주와 같은, CHARAxx.CSV를 참조하면 거점에서의 자기 방 위치를 알 수 있다
;312,기상시간
;시각 계는 CFLAG:350~를 봐라
313,수면
;314,기상시간
;315,취침시간
316,쇠약
317,우후후
318,빡침
319,동실
320,동행
321,유폐
322,언짢음
323,목욕탕
324,정사목격
325,행동
326,직장
327,행동시간
328,철야
330,은밀중
331,장난
332,미각기호
333,데일리
334,동침중
335,대청소
336,초대
337,만난위치
338,깨끗한교제
339,몸목적
340,욕구불만도
341,시간정지착의
342,휴일이동완료
343,파자마
344,시간정지행동
345,시간정지들킴
346,지금바쁨
347,자위했다
348,정리일량
349,정리장소

350,직종
;(40,청소 41,회화 42,전투 43,교양 44,요리 45,음악 46,놀이 47,장사중 48,연회의 준비 49,연회에 참가 50,정리 51, 연회 후의 취기 52, 여자 모임 53, 조제)
351,신체측정
352,내방시간
353,귀가시간
354,취침시간
355,기상시간
356,자주가는지역
357,출현위치
358,자택위치
;CFLAG:자택위치는 「외출 맵상의 자택위치」를 나타내,초대방의 입구의 판정에 사용되고 있다
;거점 맵에서는 사용할 수 없는 점에 요주의
359,거점내방
360,출금
361,연중
362,다음날내방
363,이동율보정
364,이동절도
365,마지막내방일
366,내방억제치
367,소재판매

370,면간발각
371,면간구상있음
372,시간정지구상있음
373,역극구상있음
374,파과캔슬구상있음
375,구상내껴안기판정_첫회
376,구상내껴안기판정_통상
377,덮침금지
378,오늘의운세
379,만져도돼

380,마력회수
381,요술망치
382,변이전형상
383,발렌타인
384,마지막에만난날
385,졸음쫒기강도
386,본래의초기위치

387,받은선물
;MASTERは任意でお気に入りにした贈り物,CHARAはお気に入りの贈り物
388,건네준선물
;MASTERは贈り物を渡した述べ回数と最後に贈り物を渡したキャラの履歴,CHARAはMASTERに건네준선물
389,선물스톡
;MASTERは事前に買っておいた贈り物,CHARAは最後に받은선물

;목욕탕관련은 TFLAG만으로 이행
;400,대중목욕탕총입탕회수
;401,옛지옥온천입탕회수
;402,옛지옥온천특수이벤트

403,의뢰상황
;패턴을 세분화했다
;   -1　의뢰 발생 직후/ 1　의뢰미수탁/ 2　의뢰중/ 3　의뢰 달성/ 4　기한 마감/ 5　보고 잊음/ 6　의뢰 실패/
;    103 의뢰 종료(성공)/104 의뢰 종료(기한 마감)/105 의뢰 종료(보고 깜빡)/106 의뢰 종료(실패)
404,의뢰내용

410,
411,의뢰대상1
412,의뢰대상2
413,의뢰대상3
414,의뢰대상4
415,의뢰대상5

;420~431(은)는 각 거점 맵에의 내방 보정으로 할 예정

;450~461(은)는 출현위치에

500,좋아하는체위
501,애널개발허가
502,처녀상실기념일
503,처녀상실대상
504,처녀상실상대
505,동정상실기념일
506,동정상실대상
507,애널처녀상실기념일
508,애널처녀상실대상
509,애널처녀상실상대
510,첫키스상실기념일
511,첫키스상실상대
512,첫키스상실대상
513,A파과위화감확인

515,누계질내정액
516,누계애널정액
517,누계정음
518,누계뿌려짐

526,잠복상태
;(0=잠복 1=探索 2=会話）

527,수면간
;(0=없음 1=장난 2=수면간)
528,만취간
529,술을못함
530,억지로질내사정
531,음모

550,수줍음
551,유혹
552,적극성
553,질

560,성격경향
561,오토신음
562,별도얼굴있음,
563,별도스탠딩있음,
564,대체적용,

591,V언필터
592,A언필터
595,봉사언필터
596,SM언필터

597,성희롱언필터
598,자동고무


;CFLAG:600~639는 마음에든다 의상 패턴 기억용
;CFLAG:650은 의상세트ID를 지정한다
;다만,300이라면 마음에든다 의상,301이라면 판이치,302라면 전라가 지정된다
650,파자마지정
651,오늘팬티
652,파자마팬티
653,지정팬티

655,즐겨찾는의상,;기분들이 의상을 설정했는지 어떠했는지,토가 까다롭기 때문에 히라가나로 합니다
656,의상일시변경,;이것 서 있을 때는 옷을 탈커맨드를 실행할 때까지 평상복에 돌아오지 않는다

661,오늘브라
662,파자마브라
;653,지정 브라;우선 실장은 하지 않는다
663,상반신속옷확인
664,하반신속옷확인
665,파자마상반신속옷확인
666,파자마하반신속옷확인

;CFLAG:700　갈아입음실행 플래그(MASTER의 눈앞에서의 TARGET의 갈아 입을 옷 처리)
;이것 조금 궁리하면 욕실의 갈아입음이나 파자마 갈아입음에도 응용 효과가 있을 것 같습니다
700,갈아입음실행

899,강제탈의
900,생리주기,;7그리고 위험일
901,자궁내정자
902,임신
903,임신경과일수
904,가슴랭크업
905,회복속도다운
906,무자각임신
907,임신추가사이즈
908,출산경과일
909,육아인원수
910,몸으로기억_어머니
911,임신자각상태
912,아이인원수
913,자식보정
914,출산휴가중
915,몸으로기억_아버지,;KR판 미실장
916,출산휴가타입
917,누구의아이
918,원래의우후후

919,요괴변화
920,모브얼굴패턴
921,패배자
922,모브코세이브슬롯
923,モブ子GID_服_通常
924,モブ子GID_服_笑顔
925,モブ子GID_服_怒り
926,モブ子GID_裸_通常
927,モブ子GID_裸_笑顔
928,モブ子GID_裸_怒り

929,패배자위,;KR판 구잔재
930,탄막승부승리
931,탄막특능
;(BIT 0=언소자약1=온유돈독2=용기늠름3=호방뇌락4=괴력난신5=습람심식6=잔인무도7=건곤일척8=견개고고9=유수암한)
932,벌레배틀직접승리

998,구상셀렉터,;口上及びオプションでの使用はお控えください
999,구상용인계틀,;주회 해도 유지됩니다
;CFLAG:1000~1999	 대사용 확보 영역
