;성별 계열
0,처녀,;(1= 처녀 2=재생 처녀 -1=무자각비처녀)
1,비동정,;(0= 동정 비트 0질성교경험이 끝난 비트 1 애널 성교경험이 끝난 상태)
2,성별,;(1=여성기(bit0)　2=남성기(bit1)　3=후타나리(bit0&bit1))

;함락 소질 계열
3,연모,;애정을 닮은 감정을 안고 있는 상태. =2그리고 상위 호환
4,음란,;색욕에 흐트러지고 자른 상태. =2그리고 상위 호환
5,복종
6,키스미경험
7,연인,;서로 마음에 둔 사람된 상태. 1명만(1=연인 2=아내)
8,사모,
9,임신소망,;아이를 갖고 싶다고 생각함	원칙적으로 구상에서만 취득・OGAMIKAOSHI＆자식기원효과UP
;9,붕괴,;정신에 이상을 북 한 상태

;성격
10,담력,
	; -1=겁쟁이,;ABL:순종이 올리기 쉽다. PALAM:반감이 오르기 어렵다 
	;1=다부짐,;커맨드를 실행하기 어렵다. 매각 시에 순종 4이상 필요
11,태도,
	;-1=솔직함,;커맨드를 실행하기 쉽다. PALAM:복종이 오르기 쉽다 
	;1=반항적,;커맨드를 실행하기 어렵다. 매각 시에 순종 4이상 필요. PALAM:복종과 욕정이 오르기 어렵다
12,응답,
	;-1=얌전한,;PALAM:반감이 오르기 어렵다 
	;1=거만함,;ABL:순종과 봉사정신이 올리기 어렵다.
13,자존심,
	;-1=자존심 낮음,;커맨드를 실행하기 쉽다. PALAM:굴복이 오르기 쉽다 
	;1=자존심 높음,;커맨드를 실행하기 어렵다. PALAM:굴복이 오르기 어렵다
14,츤데레,;커맨드가 실행하기 어렵지만,순종 Lv4 이상으로 반전

15,기분,;기분의 좋음과 좋지 않음은 있군요
16,용모,;-1=추악 1= 잘 생김
17,연령,;-1=아이 0=청년 1= 중년 2=노인
18,게으름,;개인 방이 더러워지기 쉬움,청소 기능이 반영되기 어려움
19,기분파,;기분이 변하기 쉽다
;성에의 관심
20,자제심,;매각 시에 욕망 4이상 필요. 굴복,쾌락계 PALAM가 오르기 어렵고,반발이 오르기 쉽다
21,무관심,:PALAM:복종,욕정,굴복,공포,반감이 오르기 어렵다
22,감정결여,:PALAM가 전체적으로 오르기 어렵다
23,성적흥미,
	;-1=보수적,;커맨드를 실행하기 어렵다. PALAM:습득이 오르기 어렵다 
	;1=호기심,:커맨드를 실행하기 쉽다. PALAM:습득이 오르기 쉽다 
24,명랑／음침,
	;-1=음침한,PALAM:억울이 오르기 쉽다 
	;1=명랑한,PALAM:억울이 오르기 어렵다
25,일선을넘지않음,;모든 ABL가 올리기 어렵고,복종이 오르기 어렵지만,함락 뒤는 반전한다.
26,눈에띄고싶어함,;커맨드를 실행하기 쉽다. PALAM:노출이 올리기 쉽다
27,무지,;성적인 일에 대한 지식이 없다
28,붕괴,;정신에 이상을 북 한 상태

;아가씨의 마음
30,정조,
	;-1=정조무관심,;사랑계 조교의 효과가 낮다. PALAM:반감이 오르기 어렵다 
	;1=정조 관념,사랑계 조교의 효과가 낮다. PALAM:반감이 오르기 쉽다
31,자기애,
	;-1=억압 커맨드를 실행하기 어렵다. PALAM:억울,반발이 오르기 쉽고,욕정이 오르기 어렵다. 욕망 Lv3 이상으로 소멸 
	;1=해방,;ABL:마조끼이 올리기 쉽다. PALAM:욕정과 굴복이 오르기 쉽다
32,저항,;커맨드를 실행하기 어렵다. PALAM:억울,반발이 오르기 쉽고,복종이 오르기 어렵다. 순종 Lv3 이상으로 소멸
33,수치심,
	;-1=수치심 없음,;노출계 조교의 효과가 낮다 
	;1=부끄러워해,커맨드를 실행하기 어렵다. 노출계 조교의 효과가 높다
34,약점,;커맨드를 실행하기 쉽다

;체질
40,통각,
	;-1=고통에 강하다,;PALAM:고통과 반감이 오르기 어렵다 
	;1=고통에 약하다,PALAM:고통과 반감이 오르기 쉽다
41,젖기쉬움,
	;-1=젖기 어려운 1=젖기 쉽다

;기술
46,벌채Lv
47,낚시Lv
48,채집Lv
49,조제Lv
50,습득속도,; -1=습득 느림 1=습득 빠름
51,능숙한손가락,
52,혀놀림,;펠라계 조교의 효과가 높아진다
53,바늘질,;바늘을 이용하는 커맨드의 효과가 높아진다
54,고양이혀,;펠라계 조교에 제한이 부과되어 효과가 변화한다
55,조합지식,;특수한 아이템을 구입할 수 있다. 커맨드 「미약」의 체력과 기력의 소비가 적다
56,약독내성,;미약,이뇨제등의 약을 사용하는 커맨드가 실행 불가,커맨드 이외의것은 가능
57,오줌싸개버릇,;방뇨 커맨드가 항상 사용할 수 있게 된다. 절정시에 방뇨.

;결벽도
60,자위하기쉬움,;자위 관련이 실행하기 쉽다. ABL:자위중독이 올리기 쉽다
61,악취내성,;-2=결벽증 -1=악취 민감 1=악취 둔감 2=더러움 무시
62,헌신적,;봉사계 조교를 실행하기 쉽다. ABL:봉사정신이 올리기 쉽다. PALAM:굴복이 오르기 쉽다

;정직도
70,쾌감응답
	; -1=쾌감에 부정,;커맨드를 실행하기 어렵다. PALAM:욕정이 오르기 어렵다
	; 1=쾌감에 솔직,;커맨드를 실행하기 쉽다. ABL:욕망과 봉사정신이 올리기 쉽다. PALAM:욕정이 오르기 쉽다

71,중독되기쉬움,;중독계의 ABL가 올리기 쉽다
72,즉각함락,;커맨드를 실행하기 쉽다. 조교시에 ABL가 오르는 것이 있다
73,자위중독,;C계 커맨드 및 자위계 커맨드의 효과 업
74,음호,;V계 커맨드의 효과 업
75,항문광,;A계 커맨드의 효과 업
76,음유,;B계 커맨드의 효과 업
77,키스마,;M계 커맨드의 효과 업
78,포르치오성감,;자궁구개발경험이 증가한다고 붙는 풍미 소질

;성애성
80,도착적,;SM계 조교의 효과가 높다. 마조계,중독계의 ABL가 오르기 쉽다
81,성별기호
	;-1=양도,;레즈비언 조교를 실행하기 쉽다. ABL:레즈비언,레즈중독이 올리기 쉽다
	;1= 남성기피
	;2=여성기피
	;3=인간 불신
82,새드,;조교자때에 커맨드를 실행하기 쉽다. ABL:봉사정신이 올리기 어렵다
83,마조,;커맨드를 실행하기 쉽다. 마조계의 ABL가 오르기 쉽다
84,질투,;(현재는 실장되어 있지 않다)
85,망신,;커맨드를 실행하기 쉽다. PALAM:굴복이 오르기 쉽다
86,소악마,;조교자때에 커맨드를 실행하기 쉽다

;매료
90,여우,;조수화 시에 요호가 된다
91,요호,;조교자때에 PALAM:치정이 오르기 쉽다. 조수시에 「미약」이 손에 들어 오는 것이 있다
92,매력,;매각액수·보수 증가
93,매혹,;조교자때에 커맨드를 실행하기 쉽다. 조교자때에 PALAM가 전체적으로 오르기 쉽다
94,수수께끼의매력,;매각액수·보수 증가,조교자때에 커맨드를 실행하기 쉽다. 조교자때에 PALAM가 전체적으로 오르기 쉽다

;몸 특징
100,체형,;-5=난쟁이 -2=유아 체형 -1=작은 체형 1=장신 2=거구 3=거인
101,C감도,;-1=둔감 1=민감
102,V감도,;-1=둔감 1=민감
103,A감도,;-1=둔감 1=민감
104,B감도,;-1=둔감 1=민감
105,가슴사이즈,;-2=절벽 -1 = 작은 가슴 0=미유 1=거유 2=폭유
106,M감도,;-1=둔감 1=민감
120,농후정액,
121,술내성,;-2=술을 못함 -1=술에 약함 1=술에 강함 2=애주가 3=술고래
122,정애미각

125,헐렁보지
126,헐렁항문
127,타락

;특수
130,회복속도,;-1=회복 느림,;체력 회복량이 적게 되는 1=회복 빠름,체력 회복량이 많아진다

132,흡혈귀,;밤 휴식 때 체력 회복량 상승,낮은 야외에 나올 수  없다
133,일광욕,;낮 휴식 때 체력 회복량 상승
134,월광욕,;밤 휴식 때 체력 회복량 상승
135,치료,;조수때에 체력 회복량 상승
136,고무,;조수때에 커맨드를 실행하기 쉽다. 조수때에 조교 종료후의 자위 회수 증가
137,대식가,;밥이 맛있다
138,이상한뿌리,;조수화 시에 후타나리이 된다

141,광기,;매각액수·보수가 저하한다
142,걸레,;껴안고가 무조건으로 성공하지만 호감도가 오르기 어렵다
143,동물귀,;2=우사미 3=강아지 귀 4=고양이 귀
144,금단의지식,;특수한 아이템의 구입이나 커맨드의 실행을 할 수 있다
145,인기,;매각액수·보수 증가
146,구현,;조수화 시에 후타나리이 된다
147,달변,;KR판 구잔재 또는 오리지날


149,모유체질,;분유 하게 된다
150,애같음,;조교자때에 상대를 모유체질로 한다. 가슴 관련의 조교의 효과가 높다
151,유치,;조교자때에 가슴 관련의 조교의 효과가 높아진다
152,절륜,;사정이 빨리 되는,하루의 최대 사정 가능수가 증가한다
153,임신,;아이를 몸 가지고 있다
154,육아중,;아이를 기르고 있는 한중간
155,모성,;아이를 낳은 어머니 사랑. 일부 노역의 보수가 오른다
156,초경,
157,정욕감지
158,팬티밀수,
159,위치짐작,
160,오방짐작,
161,음악지식,;1=악기지식 2=가창지식 3=무용지식;음악이나 노래에 깊은 조예 를 가지고 있는. 어느 정도 경험을 쌓으면(자) 취득 가능
162,음감,;-1=음치 1=음감 2=절대음감;음에 대한 감각. 프리즘리바즈 어둠-등은 독단과 편견으로 절대음감 소유. 극히 많은 경험을 쌓으면 일단 습득할 수 있다
163,수서,;비로 회복,여름 철의 햇볕으로 소모
164,빙정,;눈으로 회복,여름 철의 햇볕으로 소모
165,종족,;
166,반백택,
167,집합

169,M둔감무시
170,C둔감무시,
171,B둔감무시,
172,V둔감무시,
173,A둔감무시,
174,청소중독,;방이 더러우면 흥분할 수 없다
175,천객만래,
176,양손의꽃,연인이 두 명 만들 수 있다
;177~179 KR판 오리지날 또는 구잔재
177,붉은실
178,방중술
179,채양보음／채음보양

182,청소부,;거점 캐릭터때 더러움을 뺀다
183,쌍창,;물건이 2 개. 무슨 일이야…
184,애욕,
185,섹프

189,망상의산물
190,인간,;1=인간 2=선인 3=천인 4=월인 5=마계인 6=외계인
191,요괴,;1=요괴 2=오니 3=흡혈귀 4=캇파, 5=텐구 6=요수 7=요조 8=요충 9=악마 10=난쟁이 11=자시키와라시, 12=야마와로
192,요정,;1=요정
193,신령,;1=신령 2=사신 3=염마
194,유령,;1=유령 2=소령 3=사령 4=악령
195,츠쿠모가미,;1=츠쿠모가미
196,인형,;1=인형 2=로봇 3=골렘 4=하니와 5=강시 99=인형아가씨
197,추가종족,;1=무녀 2=마법사 3=메이드 4=봉래인
198,유부녀
199,풍속양

250,형상,;
254,유령잉태
255,인형잉태
256,텐구잉태
257,봉래잉태
258,츠쿠모가미잉태
259,오니잉태
260,무녀잉태
261,요정잉태
262,요괴잉태
263,신령잉태
264,만능잉태

;269,사식의마법
270,그레이즈능숙함
271,익스텐드
272,영력충전
273,루나슈터
274,환상향의왕
275,돌쌓기랭커,;(1=돌 쌓기 초보 2=돌 쌓기 루키 3=돌 쌓기 엘리트 4=돌 쌓기 베테랑 5=돌 쌓기 마스터)

300,스침,;이른바 범용 캐릭터
;301,체력
;302,정신력

310,노예
311,주인
313,당신의노예
315,창녀
316,렌탈창녀

320,손님의아이
350,사망
351,사망경험
352,혼빼앗김

360,불임
361,분유강화
;---------------
;뉴 탄막 전투 관련 영역 400~499
;---------------
400,전투스타일

;--------------
;스펠/스킬카드 목록
;--------------
;어짜피 소질 표시 안되니까 상관없어!
;--------------
501,더월드
502,정화
503,도게자
504,저주해제
505,탄막소사
506,불을다루는정도의능력
507,S_단전호흡
508,이능봉인
601,어둠을다루는정도의능력
602,월부문라이트레이
603,야부나이트버드
604,암부디마케이션
605,얼음을다루는정도의능력
606,빙부아이시클폴
607,박부헤일스톰
608,동부퍼펙트프리즈
609,설부다이아몬드블리자드
610,기를사용하는정도의능력
611,화부세라기넬라9
612,환부화상몽갈
613,격부대붕권
614,극채채광난무
615,화부채광연화장
616,마법을사용하는정도의능력
617,화부아그니샤인
618,수부프린세스운디네
619,목부실피호른
620,토부레이지트릴리톤
621,금부실버드래곤
622,일부로얄플레어
623,월부사일런트셀레네
624,화수목금토부현자의돌
625,일월부로열다이아몬드링
626,시간을조종하는정도의능력
627,기술환혹미스디렉션
628,환유잭더루드비레
629,환세더월드
630,환부살인돌
631,디플레이션월드
632,운명을조종하는정도의능력
633,신벌어린데몬로드
634,옥부천개의바늘산
635,신술흡혈귀환상
636,홍부스칼렛마이스터
637,신창스피어더궁니르
638,홍부불야성레드
639,홍색의환상향
640,모든것을파괴하는정도의능력
641,금기포오브어카인드
642,금기카고메카고메
643,금기사랑의미로
644,금탄스타보우브레이크
645,비탄그리고아무도없게되는가
646,금기레바테인
647,QED495년의파문
648,금탄카타디옵트릭스
649,금기포비든푸르츠
650,한기를다루는정도의능력
651,한부링거링콜드
652,동부플라워위더어웨이
653,한부콜드스냅
654,동부노던위너
655,요술을쓰는정도의능력
656,선부봉황란
657,식부비상청명
658,동부호법천동난무
659,방부기문둔갑
660,귀부청귀적귀
661,귀신비상비사문천
662,조부소녀분라쿠
663,창부박애의프랑스인형
664,홍부홍모의네덜란드인형
665,암부안개의런던인형
666,주부상하이인형
667,손을대지않고연주하는정도의능력
668,우울한음을연주하는정도의능력
669,들뜨는음을연주하는정도의능력
670,환상의음을연주하는정도의능력
671,소부팬텀디닝
672,위현슈도스트라디바리우스
673,관령고스트클리퍼드
674,건령베첸돌퍼신주
675,소장스티전리버사이드
676,대합장영차콘체르토그로소괴
677,봄이온것을알리는정도의능력
678,춘부서프라이즈스프링
679,검을다루는정도의능력
680,아왕검아귀십왕의보답
681,옥신검업풍신섬참
682,수라검현세망집
683,인신검속제상주
684,천신검삼혼칠백
685,육도검일념무량검
686,죽음을다루는정도의능력
687,망향망아향자결
688,망무생자필멸의이치
689,사접화서의영면
690,사이교우지무여열반
691,반혼접
692,앵부완전한묵염의벚꽃
693,모든마술을사용하는정도의능력
694,마부타락한세라프
695,신부신으로부터의시련
696,대마법진마신복송
697,현부세계의끝
698,신부신화환상
699,묵시룩의붉은용
700,아포칼립시스
701,세개의신체를가지는정도의능력
702,이계봉마의각
703,지구사예재신
704,달아폴로반사경
705,이계지옥의논아이디얼탄막
706,지구지옥에내리는비
707,달루나틱임팩트
708,트리니테리언랩소디
709,광기를다루는정도의능력
710,환파적안최면
711,광시광시조율
712,나태생신정지
713,산부진실의달
714,월안달토끼원격최면술
715,인간에게행운을주는정도의능력
716,토부운이트이는큰무늬
717,토부이나바의흰토끼
718,탈토플러스터이스케이프
719,차부오오나무치님의약
720,에인션트듀퍼
721,식신을사용하는정도의능력
722,식신선호사념
723,식신십이신장의연회
724,식휘호리요괴레이저
725,식휘사면초가챠밍
726,식휘프린세스텐코
727,식탄얼티메이트부디스트
728,식탄유니래터럴콘택트
729,식신첸
730,코쿠리씨의계약
731,환신이즈나권현강림
732,식신전귀후귀의수호
733,식신빙의다길니천
734,경계를다루는정도의능력
735,결계꿈과현실의저주
736,결계움직임과멈춤의균형
737,결계빛과어둠의그물코
738,망량스트레이트와커브의몽향
739,망량야쿠모유카리의행방불명
740,망량선사에사는요접
741,망량이중흑사접
742,식신란
743,인간과요괴의경계
744,결계삶과죽음의경계
745,유카리오의탄막결계
746,벌레를조종하는정도의능력
747,형부지상의혜성
748,등부파이어플라이피너미넌
749,준부나이트버그토네이도
750,은충영야칩거
751,계절을빗나간버터플라이스톰
752,노래로사람을유혹하는정도의능력
753,성부수리부엉이의포효
754,맹독독나방의암암연무
755,응부일스타드다이브
756,야맹요스즈메의노래
757,요스즈메한밤중의코러스마스터
758,블라인드나이트버드
759,역사를먹는정도의능력
760,역사를만드는정도의능력
761,산령퍼스트피라미드
762,시부이페머럴리티137
763,야부GHQ크라이시스
764,국체삼종신기향
765,허사환상향전설
766,미래타카마가하라
767,해뜨는나라의천자
768,구사구비경사올드히스토리
769,전세되돌아오는이치죠다리
770,신사신환상사넥스트히스토리
771,무하유정화
772,하늘을나는정도의능력
773,영부몽상묘주
774,몽경이중대결계
775,영부몽상봉인산
776,몽부봉마진
777,신기팔방귀박진
778,신기팔방용살진
779,영부몽상봉인집
780,대결계하쿠레이탄막결계
781,신령몽상봉인순
782,몽상천생
783,마부밀키웨이
784,마부스타더스트레버리
785,연부논디렉셔널레이저
786,연부마스터스파크
787,광격슛더문
788,마포파이널마스터스파크
789,혜성블레이징스타
790,모든약을만드는정도의능력
791,천환호중의천지
792,신부천인의계보
793,소생라이징게임
794,신뇌오모이카네브레인
795,천주아폴로13
796,비술천문밀장법
797,금약봉래의약
798,약부호중의대운하
799,천망지망포접의법
800,영원과수유를다루는정도의능력
801,신보브릴리언트드래곤바레트
802,신보부디스트다이아몬드
803,신보샐러맨더실드
804,신보라이프스프링인피니티
805,신보봉래의탄의가지꿈빛고향
806,영야되돌리기
807,봉래의수해
808,죽지않는정도의능력
809,시효츠키노이와카사의저주
810,불새불의새봉익천상
811,후지와라멸죄사원상
812,불사서복시공
813,멸죄정직한자의죽음
814,허인우
815,불멸피닉스의꼬리
816,봉래개풍쾌청후지와라볼케이노
817,퍼제스트바이피닉스
818,봉래인형
819,임페리셔블슈팅
820,피닉스재탄생
821,환롱월예루나틱레드아이즈
822,대소반사위성참
823,그랑기뇰의유령
824,스칼렛데스티니
825,심탄막결계몽환포영
826,미래의편린꿈과현실의저주
827,하쿠레이아뮬릿
828,승천각
829,경성진
830,아공혈
831,보구음양귀신옥
832,보부음양보옥
833,몽전환상지월
834,무제하늘을나는이상한무녀
835,성부이스케이프벨로시티
836,위치레이라인
837,그라운드스타더스트
838,의부오러리즈선
839,성부드래곤미티어
840,이검의견
841,앰비셔스잭
842,클로즈업매직
843,바운스노바운스
844,배니싱에브리싱
845,환장밤안개의환영살인귀
846,시부프라이빗스퀘어
847,사쿠야의세계
848,상부인스크라이브레드소울
849,상흔소울스컬프쳐
850,인형조창
851,인형무조
852,인형치조
853,마부아트풀새크리파이스
854,마조리턴인애니메이트
855,전부리틀레기온
856,전조돌즈워
857,저주봉래인형
858,마광데블리라이트레이
859,서머레드
860,스프링윈드
861,어텀엣지
862,윈터엘리먼트
863,도요스피어
864,화금부세인트엘모필러
865,토수부노에키언델류지
866,금목부엘리멘탈하베스터
867,금토부진저거스트
868,반사하계참
869,현월참
870,생사유전참
871,절복무간
872,인부현세참
873,인귀미래영겁참
874,단명검명상참
875,단미검미진자항참
876,혼부유명의고륜
877,혼백유명구문지총명의법
878,오의서행춘풍참
879,데몬로드워크
880,서번트플라이어
881,데몬로드크레이들
882,데몬로드애로우
883,야부퀸오브미드나이트
884,홍마스칼렛데빌
885,필살하트브레이크
886,야부데몬킹크레이들
887,야왕드라큘라크레이들
888,사부개스틀리드림
889,명부요모츠히라사카행로
890,재미환상향의소생
891,영부무수의꿈
892,수명무수국으로가는약속어음
893,벚꽃미련미작연
894,경부사중결계
895,결계매혹적인사중결계
896,경부이차원과삼차원의경계
897,결계객관결계
898,외력무한의초고속비행체
899,환상제1종영구기관
900,밀도를조종하는정도의능력
901,췌부토카쿠시산던지기
902,췌귀아메노타지카라오던지기
903,취신오니포박술
904,취몽세가키포박술
905,귀부미싱파워
906,귀신미싱퍼플파워
907,귀화초고밀도인화술
908,소부육리무중
909,백만귀야행
910,채부채광풍령
911,기부성맥탄
912,성기성맥지전탄
913,화부파산포
914,삼화붕산채극포
915,독을사용하는정도의능력
916,독부신경의독
917,독부우울의독
918,무부개싱가든
919,독부포이즌브레스
920,섬망인투딜리리엄
921,거리를조종하는정도의능력
922,투전쓰고남은동전
923,사신피안르투르
924,사가첩첩이낀안개
925,고우황천중유여행길
926,사가프라이스오브라이프
927,백귀야행두루마리
928,흑백을구별하는정도의능력
929,탄막재판
930,죄부방황하는대죄
931,심판라스트저지먼트
932,단풍을담당하는정도의능력
933,엽부광기의낙엽
934,꽃을다루는정도의능력
935,화부환상향의개화
936,환상화조풍월소풍농월
937,풍년을담당하는정도의능력
938,추부가을하늘과소녀의마음
939,풍작곡물신의약속
940,액을모으는정도의능력
941,액부재앙신의바이오리듬
942,자부부서져버린부적
943,비운범종노파의불
944,창부유배인형
945,물을조종하는정도의능력
946,광학하이드로카모플라주
947,표닉반짝이는물속의트라우마
948,수부캇파의환상대폭포
949,캇파늘어나는팔
950,바람을다루는정도의능력
951,기부사루타크로스
952,풍신210일
953,환상풍미
954,새부천손강림
955,기적을일으키는정도의능력
956,비술그레이서머터지
957,기적대낮의객성
958,개해바다가갈라지는날
959,준비서먼타케미나카미
960,대기적야사카의신풍
961,건을창조하는정도의능력
962,기제메도데코난무
963,신곡디바이닝크롭
964,신비야마토토러스
965,천룡비의원천
966,풍신님의신덕
967,신부스이가처럼아름다운원천
968,신부삼나무로묶인오랜인연
969,신부신이걸어간오미와타리
970,곤을창조하는정도의능력
971,개연두번절하고두번박수치고한번절
972,토착신테나가아시나가
973,신구모리야의쇠바퀴
974,원부이토이강의비취
975,와수개구리는입때문에뱀이꿀꺽한다
976,토착신돌일곱개와나무일곱그루
977,토착신케로짱비바람에도지지않아
978,토착신호에이4년의붉은개구리
979,스와대전토착신화VS중앙신화
980,재앙신미샤구치님
981,형부지상의항성
982,접부버터플라이스톰
983,암부다크사이드오브더문
984,야부미드나이트버드
985,동부마이너스K
986,광부아마테라스
987,포부쇼와의비
988,규부미토미츠쿠니
989,조부돌즈인시
990,주부스트로돌카미카제
991,산부농월화간로켓인미스트
992,광몽풍광의꿈드림월드
993,수화부플로지스틱필러
994,월목부새틀라이트히마와리
995,채상비화낙엽
996,채화홍색태극권
997,인지검천녀뒤집기
998,성부날아다니는겹비늘
999,요괴고양이첸
1000,귀신명동지국천
1001,홍부블러디매직스퀘어
1002,신귀레밀리아스토커
1003,시부터널이펙트
1004,공허인플레이션스퀘어
1005,퍼펙트메이드
1006,유아사출의나방등
1007,접부호랑나비무늬의사창
1008,밀부대사님의비밀열쇠
1009,행부팔천만장의호마
1010,초인비상하는엔노오즈누
1011,신난제달의일메나이트
1012,신난제에이자의적석
1013,신난제금각사의천장한장
1014,약부호접몽환나이트메어
1015,비약선향옥토
1016,심판시왕재판
1017,심판길티오어낫길티
1018,심판정파리심판
1019,금기금지된장난
1020,경부파동과입자의경계
1021,귀기몽몽미무
1022,도깨비불을떨어뜨리는정도의능력
1023,괴기두레발떨구기의괴
1024,병세를조종하는정도의능력
1025,지주바위굴의거미집
1026,장기원인불명의열병
1027,질투심을다루는정도의능력
1028,질투녹색의눈을한보이지않는괴물
1029,화소야시로의재
1030,설절작큰궤짝과작은궤짝
1031,한부축시의참배
1032,괴력난신을가지고있는정도의능력
1033,귀부괴력난신
1034,가부죄인의벗을수없는족쇄
1035,역업오오에야마오로시
1036,사천왕오의삼보필살
1037,마음을읽는정도의능력
1038,상기테러블수브니르
1039,묘부원령묘난보
1040,주정좀비페어리
1041,한령스플린이터
1042,속죄원시의바늘과아파하는원령
1043,소악령부활하라
1044,핵융합을다루는정도의능력
1045,핵열핵반응제어불능
1046,폭부메가플레어
1047,염성픽스드스타
1048,헬스토카막
1049,서브터네이리언선
1050,무의식을다루는정도의능력
1051,몽부조상님께서보고계시단다
1052,표상탄막파라노이아
1053,본능이드의해방
1054,억제슈퍼에고
1055,반응요괴폴리그래프
1056,무의식탄막로르샤흐
1057,부연사랑의매화
1058,심층무의식의유전자
1059,미움받는자의필로소피
1060,서브터레이니언로즈
1061,요괴화염의수레바퀴
1062,비법쿠지찌르기
1063,기적미라클프루츠
1064,신덕오곡풍양라이스샤워
1065,봉부비지로드
1066,수부골드디텍터
1067,수부펜듈럼가드
1068,보탑그레이티스트트레져
1069,대륜헤일로포가튼월드
1070,산부파라솔스타메모리즈
1071,우산초발수바스락바스락괴물
1072,화철방치된우산의특급나이트카니발
1073,산부굵은눈물비
1074,경우게릴라태풍
1075,후광카라카사깜짝플래시
1076,신령을부르는것이가능한정도의능력
1077,신권천해지옥찌르기
1078,연타킹크라켄때리기
1079,궤멸천상천하연속훅
1080,분노공전절후큰눈알구이
1081,수난사고를일으키는정도의능력
1082,전복격침앵커
1083,익부싱커블보텍스
1084,주부유령선영구정박
1085,유령소리없이다가오는국자
1086,보탑레이디언트트레저
1087,광부정의의위광
1088,법등빈틈없는법의독고저
1089,컴플리트클래러피케이션
1090,마법자운의오멘
1091,마법매직버터플라이
1092,광마마법은하계
1093,대마법마신복송
1094,초인히지리뱌쿠렌
1095,비발전설의비공원반
1096,정체를알수없게만드는정도의능력
1097,요운헤이안의다크클라우드
1098,누에부누에표스네이크쇼
1099,누에부탄막키메라
1100,누에부언디파인드다크니스
1101,헤이안쿄의악몽
1102,한궁겐잔미요리마사의활
1103,부첩사접의춤벚꽃
1104,유령고스트스팟
1105,명부상야앵
1106,앵부사이교우벚꽃보라
1107,소리를반사시키는정도의능력
1108,향부마운틴에코스크램블
1109,향부파워레저넌스
1110,메아리앰플리파이에코
1111,대성차지드야호
1112,홍부엄브렐라사이클론
1113,회복힐바이디자이어
1114,독조포이즌머더
1115,욕령스코어디자이어이터
1116,사부양소귀
1117,입마주화입마
1118,통령통령요시카
1119,도부도의태동
1120,벼락을일으키는정도의능력
1121,뇌시가고지토네이도
1122,풍수를다루는정도의능력
1123,천부아마노이와후네
1124,투명모노노베의야소히라카
1125,염부사쿠라이지염상
1126,성동녀오오모노이미정찬
1127,명예십이계의관위
1128,선부해뜨는곳의도사
1129,소환호족난무
1130,비보쇼토쿠태자의오파츠
1131,광부구세플래시
1132,안광십칠조의레이저
1133,갓태어난신령
1134,변화조수희화
1135,육번승부너구리의변신학교
1136,칠번승부야생의외딴섬
1137,변화얼간이무녀의쫓는척하기
1138,마미조우화탄막십변화
1139,학부보름달의폼포코링
1140,전부뇌고탄
1141,우의깃옷은시간과같이
1142,뇌어뇌운어유영탄
1143,어부용어드릴
1144,뇌부일렉키텔의용궁
1145,광성광룡의한숨
1146,극부뇌운극어
1147,우의깃옷은하늘과같이
1148,주부오조룡의구슬
1149,용어용궁의사자유영탄
1150,지부불양토양의검
1151,비상비상비비상의검
1152,천부천도시비의검
1153,검술기염만장의검
1154,천기비상천촉
1155,기부무념무상의경지
1156,기부천계기상의검
1157,지진선우후락의검
1158,요석천지개벽프레스
1159,전인류의비상천
1160,주부명주암투
1161,신기천패풍신각
1162,결계확산결계
1163,성부미티어닉샤워
1164,광부루미너스스트라이크
1165,광부어스라이트레이
1166,성부그래비티비트
1167,마폐딥이콜로지컬봄
1168,사연효과보기쉬운마스터스파크
1169,정부시커돌즈
1170,주력트립와이어
1171,창부큐티대천창
1172,인형레밍스퍼레이드
1173,수부젤리피쉬프린세스
1174,일목부포토신서시스
1175,토금부에메랄드메갈로폴리스
1176,은부실버바운드
1177,기술이터널믹
1178,속부루미너스리코셰
1179,시부이매지너리버티컬타임
1180,시계루나다이얼
1181,시부사쿠야특제스톱워치
1182,광속C리코셰
1183,검기앵화섬섬
1184,전생검원심유전참
1185,단령검성불득탈참
1186,공관검육근청정참
1187,야부배드레이디스크램블
1188,운명미저러블페이트
1189,밀레니엄의흡혈귀
1190,악마레밀리아스트레치
1191,영접나비날갯바람삶에잠시
1192,앵부센스오브체리블라섬
1193,공이중독성있는미끼
1194,환소비광충네스트
1195,결계매력적인사중결계
1196,마안라플라스의악마
1197,폐선훌쩍폐역하차여행
1198,무부운집무산
1199,사천왕오의삼보괴폐
1200,귀부오오에야마죄다죽이기
1201,혹시이원화관코롤라비전
1202,약심상심상의디모티베이션
1203,독연막가스연막구슬
1204,장시적월하인프라레드문
1205,환폭근시화화마인드스타마인
1206,환혹화관시선크라운비전
1207,상심상심창이디스카더
1208,생약국사무쌍의약
1209,단시초단뇌파X웨이브
1210,적안망견원월루나틱블래스트
1211,마수카마이타치베일링
1212,풍부천구도의개풍
1213,풍부텐구보즉일한
1214,선부홍엽선풍
1215,돌부텐구의매크로버스트
1216,돌풍사루타히코의선도
1217,역풍인간금제의길
1218,아부어두운밤의데이메어
1219,용권천손강림의이정표
1220,주부강의흐름대로
1221,영부어디에나있는부유령
1222,한부미련이남은긴박령
1223,지옥무간의틈
1224,사부죽은자를선별하는낫
1225,혼부생혼유리의낫
1226,박명얼마남지않은여생
1227,환명불석신명가석신명
1228,활성폭발
1229,기적장사번성부적
1230,제비마구잡이제비연속뽑기
1231,비술망각의제의
1232,기적객성이너무나밝은밤
1233,개해모세의기적
1234,빙부아이시클머신건
1235,빙부페어리스핀
1236,빙괴콜드스프링클러
1237,냉체슈퍼아이스킥
1238,빙부소드프리저
1239,동부프리즈아트모스피어
1240,냉부순간냉동빔
1241,상부프로스트칼럼스
1242,취빙아이스토네이도
1243,빙괴그레이트크래셔
1244,홍부열홍진권
1245,기부지룡천룡각
1246,기부맹호내경
1247,치격대붕추격권
1248,원부스와의맑은물
1249,토착신모리야가미
1250,와휴항상동면할수있습니다
1251,제어셀프토카막
1252,차광핵열바이저